{"file_hashes":[{"block_hashes":["4BkHHiUS2i8A47Noh+hFUK6565SvU4sfeYqJNIKgLgE="],"block_size":4096,"path":"background.html"},{"block_hashes":["LhauYrYI/cglCZwllnS4L6Seofknfxu7iHmA+VITilk=","HTzGL2OaZwGb5xVr6N7aRjeQK2QOph4I709TdO0Ue/c=","CDJgbOxRl+DM1SR137L+m0hYFV5it4Sc4I3bHEIRNww=","aChQzKzB57GwGAadvkIk3wiR+ZIBcwO4+WMWXqcvITo=","rrwLAPPb94C2IVynkzhTg7/n782+042g43Hx5hn9oSI="],"block_size":4096,"path":"bg.js"},{"block_hashes":["k56pCW+FdwrRaAqL+AOunQH7sC3YiKiRcULPb29xKrI="],"block_size":4096,"path":"contentscript.js"},{"block_hashes":["moulIGuH9x7ii/HI5U8luKyT98iwN9B/sLA0+1XRfXc="],"block_size":4096,"path":"disabled.html"},{"block_hashes":["gVGcQ+Qqme3R4t5oG59oBQS+X4ypQ6w2HxU9n6ITfc4="],"block_size":4096,"path":"fatal.html"},{"block_hashes":["zEw+PPfIdbPRYxAfCWGkwokUO7keLYXKEgsZUaM2Iu0=","4wrpDmqHaCdQapjyo13ldrZd4n0cHvphjGTG+iDOldM="],"block_size":4096,"path":"icon_blocked.png"},{"block_hashes":["0SYUFA+d78GSubpfzvU8MEA0iCI0HMUhFj4vvjQk+do="],"block_size":4096,"path":"icon_disabled.png"},{"block_hashes":["e7fO2So1kaHYcRBzu2/lRI75hdBem0By9yXoo25vuQI="],"block_size":4096,"path":"popup.js"},{"block_hashes":["SH4trO+TDnAI4T7cVrN/l6HONRE/VWG8Yjn6cgSx4Ug="],"block_size":4096,"path":"status.html"},{"block_hashes":["YEoeM5ULSAqFwNo6U1nBzRc3gI3MV8YB1vclo1oFVlk="],"block_size":4096,"path":"styles.css"}],"version":2}